path,filename,patient_id,segment_id,label,score_mean,score_std,score_max,score_p90,score_p95,probability,predicted_label
D:\seizure-detection-data-test\Pat1Test_100_0.mat,Pat1Test_100_0.mat,1,100,0.0,0.1183529868721962,0.11275004595518112,0.8562516570091248,0.1809859275817871,0.19874772429466248,0.4252229656386767,0
D:\seizure-detection-data-test\Pat1Test_101_0.mat,Pat1Test_101_0.mat,1,101,,0.3769459128379822,0.6718075275421143,2.2382166385650635,1.7048280239105225,2.134763717651367,0.589292946852524,1
D:\seizure-detection-data-test\Pat1Test_102_0.mat,Pat1Test_102_0.mat,1,102,0.0,0.4824254512786865,0.17398808896541595,0.7145556807518005,0.659934937953949,0.6842163801193237,0.40325282512476784,0
D:\seizure-detection-data-test\Pat1Test_103_0.mat,Pat1Test_103_0.mat,1,103,,0.5190293788909912,0.19881393015384674,0.7817987203598022,0.692594587802887,0.727668046951294,0.4109204115225571,0
D:\seizure-detection-data-test\Pat1Test_104_0.mat,Pat1Test_104_0.mat,1,104,,0.46248510479927063,0.33031222224235535,2.3955190181732178,0.7208870649337769,0.9309954643249512,0.6088491731004684,1
D:\seizure-detection-data-test\Pat1Test_105_0.mat,Pat1Test_105_0.mat,1,105,,0.39518940448760986,0.2515172064304352,0.845694363117218,0.6880720853805542,0.7293745875358582,0.4199758830492664,0
D:\seizure-detection-data-test\Pat1Test_106_0.mat,Pat1Test_106_0.mat,1,106,,0.4545314610004425,0.1822497844696045,0.9269731044769287,0.6725893020629883,0.7990281581878662,0.42932070537161415,0
D:\seizure-detection-data-test\Pat1Test_107_0.mat,Pat1Test_107_0.mat,1,107,0.0,0.49613937735557556,0.22130154073238373,0.8098248839378357,0.7351157665252686,0.7516019344329834,0.4143452103645822,0
D:\seizure-detection-data-test\Pat1Test_108_0.mat,Pat1Test_108_0.mat,1,108,,0.42662346363067627,1.1098127365112305,5.336818695068359,1.4706392288208008,2.980541467666626,0.8714405096539855,1
D:\seizure-detection-data-test\Pat1Test_109_0.mat,Pat1Test_109_0.mat,1,109,0.0,0.29281604290008545,0.3853347897529602,1.6315242052078247,0.6939165592193604,1.3877156972885132,0.5200127566477935,1
D:\seizure-detection-data-test\Pat1Test_10_0.mat,Pat1Test_10_0.mat,1,10,,0.5023812055587769,1.4464219808578491,8.794506072998047,1.655537724494934,2.3444738388061523,0.9736030948538449,1
D:\seizure-detection-data-test\Pat1Test_110_0.mat,Pat1Test_110_0.mat,1,110,,0.5110878944396973,0.07753848284482956,0.9670549035072327,0.5880598425865173,0.6141047477722168,0.4332312130422718,0
D:\seizure-detection-data-test\Pat1Test_111_0.mat,Pat1Test_111_0.mat,1,111,,0.41688627004623413,0.3877412974834442,1.1583746671676636,0.9963744282722473,1.0760201215744019,0.4571959327387314,0
D:\seizure-detection-data-test\Pat1Test_112_0.mat,Pat1Test_112_0.mat,1,112,,0.47885662317276,0.18031001091003418,0.9127829074859619,0.7201424241065979,0.7451856136322021,0.4268344614825403,0
D:\seizure-detection-data-test\Pat1Test_113_0.mat,Pat1Test_113_0.mat,1,113,,0.4493290185928345,0.4003986418247223,3.0755558013916016,0.49659860134124756,0.6615594029426575,0.6862118065787597,1
D:\seizure-detection-data-test\Pat1Test_114_0.mat,Pat1Test_114_0.mat,1,114,,0.4799976050853729,0.2545676529407501,0.7350509762763977,0.6589368581771851,0.6980749368667603,0.4060472938267285,0
D:\seizure-detection-data-test\Pat1Test_115_0.mat,Pat1Test_115_0.mat,1,115,,0.48975223302841187,0.13373884558677673,0.6620924472808838,0.617787778377533,0.6370064616203308,0.3969685170313972,0
D:\seizure-detection-data-test\Pat1Test_116_0.mat,Pat1Test_116_0.mat,1,116,,0.42819076776504517,0.21532505750656128,0.7884805798530579,0.7033550143241882,0.7537326812744141,0.4126481651844819,0
D:\seizure-detection-data-test\Pat1Test_117_0.mat,Pat1Test_117_0.mat,1,117,,0.3452184200286865,0.16256366670131683,0.9383082389831543,0.6062721014022827,0.7019751667976379,0.431812701912725,0
D:\seizure-detection-data-test\Pat1Test_118_0.mat,Pat1Test_118_0.mat,1,118,,0.488887220621109,2.261404275894165,12.631688117980957,0.000277569837635383,0.9448058009147644,0.9961010281370918,1
D:\seizure-detection-data-test\Pat1Test_119_0.mat,Pat1Test_119_0.mat,1,119,1.0,0.38737964630126953,0.7964203357696533,3.401449680328369,1.6357834339141846,1.9132658243179321,0.7181841511079462,1
D:\seizure-detection-data-test\Pat1Test_11_0.mat,Pat1Test_11_0.mat,1,11,0.0,0.4258895218372345,0.13493317365646362,1.0427465438842773,0.5139091610908508,0.5650862455368042,0.4438216983293712,0
D:\seizure-detection-data-test\Pat1Test_120_0.mat,Pat1Test_120_0.mat,1,120,,0.3784758746623993,0.3768068253993988,1.1703310012817383,1.0591872930526733,1.1235374212265015,0.45869928664628956,0
D:\seizure-detection-data-test\Pat1Test_121_0.mat,Pat1Test_121_0.mat,1,121,,0.43097540736198425,0.3423095941543579,1.5020053386688232,0.9733598232269287,1.3421626091003418,0.5003065249502783,1
D:\seizure-detection-data-test\Pat1Test_122_0.mat,Pat1Test_122_0.mat,1,122,1.0,0.3115396499633789,0.14746885001659393,1.0426461696624756,0.40925702452659607,0.5122049450874329,0.4455365995876409,0
D:\seizure-detection-data-test\Pat1Test_123_0.mat,Pat1Test_123_0.mat,1,123,,0.4592979848384857,0.10569819808006287,0.7141345143318176,0.5786703824996948,0.6310951709747314,0.40358088037661494,0
D:\seizure-detection-data-test\Pat1Test_124_0.mat,Pat1Test_124_0.mat,1,124,0.0,0.519569456577301,0.17517124116420746,0.7919292449951172,0.7057704329490662,0.7326515316963196,0.41196610730162253,0
D:\seizure-detection-data-test\Pat1Test_125_0.mat,Pat1Test_125_0.mat,1,125,,0.42381343245506287,0.31741616129875183,1.0583908557891846,0.8975025415420532,0.9454166889190674,0.4449254629174312,0
D:\seizure-detection-data-test\Pat1Test_126_0.mat,Pat1Test_126_0.mat,1,126,,0.27095767855644226,0.5202410221099854,2.0287537574768066,1.0873833894729614,1.2224751710891724,0.5658522695412647,1
D:\seizure-detection-data-test\Pat1Test_127_0.mat,Pat1Test_127_0.mat,1,127,,0.2450287938117981,0.32303309440612793,1.3642218112945557,0.6595173478126526,0.7830794453620911,0.48539400454261,0
D:\seizure-detection-data-test\Pat1Test_128_0.mat,Pat1Test_128_0.mat,1,128,0.0,0.16523988544940948,0.20224937796592712,1.1033751964569092,0.40387701988220215,0.5371938347816467,0.4546915504818755,0
D:\seizure-detection-data-test\Pat1Test_129_0.mat,Pat1Test_129_0.mat,1,129,,0.373945951461792,0.28545308113098145,1.1463216543197632,0.8053954243659973,0.9527662992477417,0.4567392845682187,0
D:\seizure-detection-data-test\Pat1Test_12_0.mat,Pat1Test_12_0.mat,1,12,1.0,0.47676607966423035,0.7023963332176208,2.7066028118133545,1.6481481790542603,2.118222236633301,0.6434144612071498,1
D:\seizure-detection-data-test\Pat1Test_130_0.mat,Pat1Test_130_0.mat,1,130,,0.4445999264717102,0.15370337665081024,0.7500134110450745,0.6529103517532349,0.7162091732025146,0.40791709872617066,0
D:\seizure-detection-data-test\Pat1Test_131_0.mat,Pat1Test_131_0.mat,1,131,,0.34636032581329346,0.595574676990509,2.9119575023651123,1.0877597332000732,1.58085298538208,0.6690949403443659,1
D:\seizure-detection-data-test\Pat1Test_132_0.mat,Pat1Test_132_0.mat,1,132,,0.4023425281047821,0.33287233114242554,1.1298377513885498,0.9200394153594971,0.9915308356285095,0.45391036751430863,0
D:\seizure-detection-data-test\Pat1Test_133_0.mat,Pat1Test_133_0.mat,1,133,0.0,0.4890407919883728,0.5887865424156189,2.6117947101593018,1.2379131317138672,2.0469558238983154,0.6347029578250689,1
D:\seizure-detection-data-test\Pat1Test_134_0.mat,Pat1Test_134_0.mat,1,134,,0.3718666136264801,0.33180931210517883,1.5696351528167725,0.7902981638908386,1.1661428213119507,0.5099203201677747,1
D:\seizure-detection-data-test\Pat1Test_135_0.mat,Pat1Test_135_0.mat,1,135,,0.49866238236427307,0.20486733317375183,0.8070936799049377,0.7337676286697388,0.7750227451324463,0.414027097426659,0
D:\seizure-detection-data-test\Pat1Test_136_0.mat,Pat1Test_136_0.mat,1,136,,0.400612473487854,0.3973814845085144,1.298897385597229,1.1083074808120728,1.1787984371185303,0.47418263922000886,0
D:\seizure-detection-data-test\Pat1Test_137_0.mat,Pat1Test_137_0.mat,1,137,,0.49158111214637756,0.05529530346393585,0.5955957770347595,0.5549295544624329,0.5715760588645935,0.3890747501927149,0
D:\seizure-detection-data-test\Pat1Test_138_0.mat,Pat1Test_138_0.mat,1,138,,0.39908698201179504,0.24916498363018036,0.7751365900039673,0.6857951283454895,0.7208296656608582,0.41145890396523693,0
D:\seizure-detection-data-test\Pat1Test_139_0.mat,Pat1Test_139_0.mat,1,139,,0.35782697796821594,0.45254769921302795,2.802882671356201,0.619486391544342,0.8738468289375305,0.6573668732212836,1
D:\seizure-detection-data-test\Pat1Test_13_0.mat,Pat1Test_13_0.mat,1,13,0.0,0.00027756980853155255,2.9103830456733704e-11,0.000277569837635383,0.000277569837635383,0.000277569837635383,0.32775982559008077,0
D:\seizure-detection-data-test\Pat1Test_140_0.mat,Pat1Test_140_0.mat,1,140,,0.4419822692871094,0.11586935073137283,0.6504421830177307,0.5778235793113708,0.6082538366317749,0.39616262917304823,0
D:\seizure-detection-data-test\Pat1Test_141_0.mat,Pat1Test_141_0.mat,1,141,,0.39733412861824036,0.15804415941238403,0.8008103966712952,0.6093958020210266,0.7429789304733276,0.4148542608036743,0
D:\seizure-detection-data-test\Pat1Test_142_0.mat,Pat1Test_142_0.mat,1,142,,0.3415678143501282,0.302171915769577,1.3244493007659912,0.8256638050079346,0.9547774791717529,0.47885635561483203,0
D:\seizure-detection-data-test\Pat1Test_143_0.mat,Pat1Test_143_0.mat,1,143,,0.4009605944156647,0.12656815350055695,0.7017912864685059,0.5800207257270813,0.5933119654655457,0.40259660607529885,0
D:\seizure-detection-data-test\Pat1Test_144_0.mat,Pat1Test_144_0.mat,1,144,,0.4740167558193207,0.17461717128753662,1.0566952228546143,0.6923419237136841,0.8512681722640991,0.4448971727013072,0
D:\seizure-detection-data-test\Pat1Test_145_0.mat,Pat1Test_145_0.mat,1,145,0.0,0.3887217938899994,0.39900535345077515,1.2294032573699951,0.9840095639228821,1.1322224140167236,0.46651213144250747,0
D:\seizure-detection-data-test\Pat1Test_146_0.mat,Pat1Test_146_0.mat,1,146,0.0,0.3722573518753052,0.31416812539100647,1.7866766452789307,0.7338194847106934,1.0059044361114502,0.5364203536396522,1
D:\seizure-detection-data-test\Pat1Test_147_0.mat,Pat1Test_147_0.mat,1,147,0.0,0.00027756980853155255,2.9103830456733704e-11,0.000277569837635383,0.000277569837635383,0.000277569837635383,0.32775982559008077,0
D:\seizure-detection-data-test\Pat1Test_148_0.mat,Pat1Test_148_0.mat,1,148,,0.3920867443084717,0.2602863609790802,0.8660954833030701,0.756389856338501,0.8269019722938538,0.42233514510025744,0
D:\seizure-detection-data-test\Pat1Test_149_0.mat,Pat1Test_149_0.mat,1,149,,0.44214367866516113,0.11218342930078506,1.0014148950576782,0.5434393882751465,0.5744369029998779,0.4383721914972221,0
D:\seizure-detection-data-test\Pat1Test_14_0.mat,Pat1Test_14_0.mat,1,14,,0.49089494347572327,0.1637168526649475,1.009631633758545,0.6998120546340942,0.7673090696334839,0.43861885663409717,0
D:\seizure-detection-data-test\Pat1Test_150_0.mat,Pat1Test_150_0.mat,1,150,,0.4345516860485077,0.1713237464427948,0.8939511775970459,0.6799805164337158,0.762564480304718,0.42530410411874997,0
D:\seizure-detection-data-test\Pat1Test_151_0.mat,Pat1Test_151_0.mat,1,151,,0.11889686435461044,0.09279746562242508,0.4971453845500946,0.2112443447113037,0.23785832524299622,0.3824261152854867,0
D:\seizure-detection-data-test\Pat1Test_152_0.mat,Pat1Test_152_0.mat,1,152,,0.536689043045044,0.4075998365879059,1.3597586154937744,1.0644598007202148,1.1775528192520142,0.4807085398898765,0
D:\seizure-detection-data-test\Pat1Test_153_0.mat,Pat1Test_153_0.mat,1,153,0.0,0.501072347164154,3.433119773864746,25.44542694091797,0.00031749653862789273,0.0008101974963210523,0.9999930073721331,1
D:\seizure-detection-data-test\Pat1Test_154_0.mat,Pat1Test_154_0.mat,1,154,,0.4891904294490814,0.19947083294391632,0.815857470035553,0.7216315269470215,0.7422276139259338,0.41512198596874383,0
D:\seizure-detection-data-test\Pat1Test_155_0.mat,Pat1Test_155_0.mat,1,155,,0.4279119372367859,0.047494128346443176,0.5201524496078491,0.49439486861228943,0.5042471289634705,0.381017977837525,0
D:\seizure-detection-data-test\Pat1Test_156_0.mat,Pat1Test_156_0.mat,1,156,0.0,0.4105488359928131,0.0485612116754055,0.5468068718910217,0.453874409198761,0.48079976439476013,0.3844948303276031,0
D:\seizure-detection-data-test\Pat1Test_157_0.mat,Pat1Test_157_0.mat,1,157,0.0,0.35728999972343445,0.35985714197158813,1.2557567358016968,0.715541422367096,1.0527466535568237,0.47161645971974353,0
D:\seizure-detection-data-test\Pat1Test_158_0.mat,Pat1Test_158_0.mat,1,158,0.0,0.43100666999816895,0.06059813126921654,0.5577794313430786,0.5157179832458496,0.5241912007331848,0.38534113761308997,0
D:\seizure-detection-data-test\Pat1Test_159_0.mat,Pat1Test_159_0.mat,1,159,,0.36791762709617615,0.33865615725517273,1.4554286003112793,0.9435179829597473,1.0187969207763672,0.4942346024246884,0
D:\seizure-detection-data-test\Pat1Test_15_0.mat,Pat1Test_15_0.mat,1,15,,0.31913915276527405,0.3216855525970459,1.2520917654037476,0.8162258863449097,0.9239228963851929,0.4702003162014489,0
D:\seizure-detection-data-test\Pat1Test_160_0.mat,Pat1Test_160_0.mat,1,160,,0.4309813678264618,0.16255547106266022,1.5857888460159302,0.46106892824172974,0.4681769609451294,0.5106866510324158,1
D:\seizure-detection-data-test\Pat1Test_161_0.mat,Pat1Test_161_0.mat,1,161,,0.3807748854160309,0.21650783717632294,0.789655864238739,0.6698989868164062,0.7307730317115784,0.4134029044887567,0
D:\seizure-detection-data-test\Pat1Test_162_0.mat,Pat1Test_162_0.mat,1,162,,0.3947255313396454,0.07970984280109406,0.635042667388916,0.4737092852592468,0.49483171105384827,0.39501407292004753,0
D:\seizure-detection-data-test\Pat1Test_163_0.mat,Pat1Test_163_0.mat,1,163,,0.34111788868904114,0.3925655484199524,1.5143088102340698,1.0959007740020752,1.147119164466858,0.5012824477810849,1
D:\seizure-detection-data-test\Pat1Test_164_0.mat,Pat1Test_164_0.mat,1,164,,0.45673587918281555,0.07391038537025452,0.6849828362464905,0.5124308466911316,0.5270802974700928,0.40015286226085106,0
D:\seizure-detection-data-test\Pat1Test_165_0.mat,Pat1Test_165_0.mat,1,165,,0.0002791470324154943,7.94080006016884e-06,0.0003322325646877289,0.000277569837635383,0.0002806945121847093,0.32776579165521447,0
D:\seizure-detection-data-test\Pat1Test_166_0.mat,Pat1Test_166_0.mat,1,166,,0.36782193183898926,0.3862292170524597,1.3866982460021973,1.0466748476028442,1.195014476776123,0.4857913672566657,0
D:\seizure-detection-data-test\Pat1Test_167_0.mat,Pat1Test_167_0.mat,1,167,1.0,0.00027756980853155255,2.9103830456733704e-11,0.000277569837635383,0.000277569837635383,0.000277569837635383,0.32775982559008077,0
D:\seizure-detection-data-test\Pat1Test_168_0.mat,Pat1Test_168_0.mat,1,168,,0.2850772440433502,0.6607047319412231,3.0889923572540283,0.9214685559272766,1.2977755069732666,0.6890566419157937,1
D:\seizure-detection-data-test\Pat1Test_169_0.mat,Pat1Test_169_0.mat,1,169,,0.29547905921936035,0.22736918926239014,1.2259711027145386,0.5887213945388794,0.7106131911277771,0.4678051204605933,0
D:\seizure-detection-data-test\Pat1Test_16_0.mat,Pat1Test_16_0.mat,1,16,0.0,0.2855667471885681,0.23235169053077698,0.9836867451667786,0.6655828356742859,0.8928350210189819,0.43837164683308627,0
D:\seizure-detection-data-test\Pat1Test_170_0.mat,Pat1Test_170_0.mat,1,170,0.0,0.502627432346344,0.17145267128944397,0.6918260455131531,0.6321485638618469,0.6384519338607788,0.4003996536228025,0
D:\seizure-detection-data-test\Pat1Test_171_0.mat,Pat1Test_171_0.mat,1,171,,0.5586817860603333,0.10447560995817184,0.7747296094894409,0.7078331112861633,0.7327567934989929,0.4092808600644817,0
D:\seizure-detection-data-test\Pat1Test_172_0.mat,Pat1Test_172_0.mat,1,172,0.0,0.5226777195930481,0.1459910124540329,0.7913984656333923,0.7177661657333374,0.7459497451782227,0.4117309155633642,0
D:\seizure-detection-data-test\Pat1Test_173_0.mat,Pat1Test_173_0.mat,1,173,0.0,0.3797667920589447,0.3660634160041809,1.1902940273284912,0.979640543460846,1.1032696962356567,0.4616099512687507,0
D:\seizure-detection-data-test\Pat1Test_174_0.mat,Pat1Test_174_0.mat,1,174,1.0,0.37774085998535156,0.6691562533378601,2.9295990467071533,1.158185362815857,1.8523240089416504,0.6713742953251929,1
D:\seizure-detection-data-test\Pat1Test_175_0.mat,Pat1Test_175_0.mat,1,175,,0.42000311613082886,0.1982457935810089,0.6856074333190918,0.6407756805419922,0.6525200605392456,0.4005164220434344,0
D:\seizure-detection-data-test\Pat1Test_176_0.mat,Pat1Test_176_0.mat,1,176,,0.37327975034713745,1.3315058946609497,6.395235538482666,0.00038611708441749215,3.897092819213867,0.9240032823596842,1
D:\seizure-detection-data-test\Pat1Test_177_0.mat,Pat1Test_177_0.mat,1,177,1.0,0.00027756980853155255,2.9103830456733704e-11,0.000277569837635383,0.000277569837635383,0.000277569837635383,0.32775982559008077,0
D:\seizure-detection-data-test\Pat1Test_178_0.mat,Pat1Test_178_0.mat,1,178,,0.4020712077617645,0.4434760808944702,1.7277146577835083,1.2036418914794922,1.4840723276138306,0.527574277160741,1
D:\seizure-detection-data-test\Pat1Test_179_0.mat,Pat1Test_179_0.mat,1,179,,0.3511417806148529,0.6799233555793762,2.1059141159057617,1.6356980800628662,1.8485002517700195,0.5731830029088001,1
D:\seizure-detection-data-test\Pat1Test_17_0.mat,Pat1Test_17_0.mat,1,17,1.0,0.42656514048576355,2.490229845046997,17.9028263092041,0.0003398861736059189,0.07174579799175262,0.9997079077869039,1
D:\seizure-detection-data-test\Pat1Test_180_0.mat,Pat1Test_180_0.mat,1,180,,0.37881526350975037,0.2516053318977356,0.9002209305763245,0.7360923290252686,0.8280177712440491,0.4266967344490591,0
D:\seizure-detection-data-test\Pat1Test_181_0.mat,Pat1Test_181_0.mat,1,181,,0.4307235777378082,0.15646778047084808,0.8752815127372742,0.6291870474815369,0.7928701639175415,0.4235100276149351,0
D:\seizure-detection-data-test\Pat1Test_182_0.mat,Pat1Test_182_0.mat,1,182,,0.4802504777908325,0.13771051168441772,0.8991243243217468,0.7014719843864441,0.7546839714050293,0.42519066085568347,0
D:\seizure-detection-data-test\Pat1Test_183_0.mat,Pat1Test_183_0.mat,1,183,,0.5591729283332825,1.2969112396240234,4.370450019836426,2.8973309993743896,3.8353278636932373,0.8028453685505387,1
D:\seizure-detection-data-test\Pat1Test_184_0.mat,Pat1Test_184_0.mat,1,184,0.0,0.40563029050827026,2.9509170055389404,21.888629913330078,0.0002866837603505701,0.0003503831394482404,0.999959407128366,1
D:\seizure-detection-data-test\Pat1Test_185_0.mat,Pat1Test_185_0.mat,1,185,,0.3675520718097687,0.13285890221595764,0.7038611769676208,0.5263833403587341,0.6398072838783264,0.40371938232911747,0
D:\seizure-detection-data-test\Pat1Test_186_0.mat,Pat1Test_186_0.mat,1,186,,0.14592768251895905,0.045462481677532196,0.2500838041305542,0.20467804372310638,0.2282724380493164,0.35368387054818684,0
D:\seizure-detection-data-test\Pat1Test_187_0.mat,Pat1Test_187_0.mat,1,187,,0.3650868833065033,0.11802083253860474,0.6097466945648193,0.5134891271591187,0.5459045171737671,0.39233374027564166,0
D:\seizure-detection-data-test\Pat1Test_188_0.mat,Pat1Test_188_0.mat,1,188,,0.47864052653312683,0.28906166553497314,1.0618776082992554,0.7188501954078674,0.7725123167037964,0.44542196259260924,0
D:\seizure-detection-data-test\Pat1Test_189_0.mat,Pat1Test_189_0.mat,1,189,,0.44384005665779114,0.11522428691387177,0.6685492992401123,0.5731625556945801,0.6080445051193237,0.39831530520644787,0
D:\seizure-detection-data-test\Pat1Test_18_0.mat,Pat1Test_18_0.mat,1,18,1.0,0.00027756980853155255,2.9103830456733704e-11,0.000277569837635383,0.000277569837635383,0.000277569837635383,0.32775982559008077,0
D:\seizure-detection-data-test\Pat1Test_190_0.mat,Pat1Test_190_0.mat,1,190,1.0,0.3393407464027405,1.2991694211959839,7.1459879875183105,0.02890898659825325,2.4413251876831055,0.9452106726920494,1
D:\seizure-detection-data-test\Pat1Test_191_0.mat,Pat1Test_191_0.mat,1,191,0.0,0.4080822169780731,0.24720430374145508,0.757691502571106,0.6755984425544739,0.6986111402511597,0.40928044270845565,0
D:\seizure-detection-data-test\Pat1Test_192_0.mat,Pat1Test_192_0.mat,1,192,,0.47840461134910583,0.5648608207702637,1.487921953201294,1.3232725858688354,1.354384183883667,0.49635998570486095,0
D:\seizure-detection-data-test\Pat1Test_193_0.mat,Pat1Test_193_0.mat,1,193,,0.3285351097583771,0.3618781864643097,1.3568226099014282,0.7821316123008728,0.8793237805366516,0.48324178738891604,0
D:\seizure-detection-data-test\Pat1Test_194_0.mat,Pat1Test_194_0.mat,1,194,,0.35266223549842834,0.33096832036972046,1.0887187719345093,0.8977773189544678,0.9560887217521667,0.4493962023255656,0
D:\seizure-detection-data-test\Pat1Test_195_0.mat,Pat1Test_195_0.mat,1,195,0.0,0.4604193866252899,0.11075948923826218,0.7416629195213318,0.5807781219482422,0.6410672068595886,0.4068817763832698,0
D:\seizure-detection-data-test\Pat1Test_196_0.mat,Pat1Test_196_0.mat,1,196,0.0,0.4266934096813202,0.5408404469490051,3.003516435623169,1.0186530351638794,1.253377079963684,0.6775984167450071,1
D:\seizure-detection-data-test\Pat1Test_197_0.mat,Pat1Test_197_0.mat,1,197,,0.44624289870262146,1.1897106170654297,4.7254743576049805,2.162994861602783,3.8535194396972656,0.8326161683435918,1
D:\seizure-detection-data-test\Pat1Test_198_0.mat,Pat1Test_198_0.mat,1,198,,0.46511325240135193,0.15889590978622437,0.8364499807357788,0.6613121628761292,0.6962042450904846,0.41795379555135603,0
D:\seizure-detection-data-test\Pat1Test_199_0.mat,Pat1Test_199_0.mat,1,199,1.0,0.19154700636863708,0.2580660879611969,1.2508050203323364,0.5128805041313171,0.701939046382904,0.47250851768233565,0
D:\seizure-detection-data-test\Pat1Test_19_0.mat,Pat1Test_19_0.mat,1,19,,0.4173296093940735,0.30430424213409424,0.8993252515792847,0.8157707452774048,0.840259313583374,0.42587201868886554,0
D:\seizure-detection-data-test\Pat1Test_1_0.mat,Pat1Test_1_0.mat,1,1,0.0,0.4949144423007965,0.18374240398406982,1.0463637113571167,0.7209551334381104,0.9705694913864136,0.4436782866511561,0
D:\seizure-detection-data-test\Pat1Test_200_0.mat,Pat1Test_200_0.mat,1,200,,0.38804590702056885,0.05922161415219307,0.5677282214164734,0.45154446363449097,0.4664747714996338,0.387154481552362,0
D:\seizure-detection-data-test\Pat1Test_201_0.mat,Pat1Test_201_0.mat,1,201,0.0,0.30702438950538635,0.2017054408788681,1.0501116514205933,0.6067481637001038,0.6925216913223267,0.4458706880302819,0
D:\seizure-detection-data-test\Pat1Test_202_0.mat,Pat1Test_202_0.mat,1,202,1.0,0.27576079964637756,1.8251858949661255,13.493985176086426,0.0003280510427430272,0.0005702988710254431,0.9974199233516889,1
D:\seizure-detection-data-test\Pat1Test_203_0.mat,Pat1Test_203_0.mat,1,203,,0.40737298130989075,0.13958440721035004,0.6182385683059692,0.5459572076797485,0.5793644785881042,0.392897745184735,0
D:\seizure-detection-data-test\Pat1Test_204_0.mat,Pat1Test_204_0.mat,1,204,1.0,0.23154626786708832,0.2038203924894333,0.9520139098167419,0.5459868907928467,0.6868410706520081,0.4350955513523804,0
D:\seizure-detection-data-test\Pat1Test_205_0.mat,Pat1Test_205_0.mat,1,205,,0.30390435457229614,1.549652338027954,8.555721282958984,0.0003014292160514742,0.0005603644531220198,0.9711086470886094,1
D:\seizure-detection-data-test\Pat1Test_206_0.mat,Pat1Test_206_0.mat,1,206,,0.525001585483551,0.22849850356578827,0.8508552312850952,0.7466297149658203,0.7789164781570435,0.4190302444078566,0
D:\seizure-detection-data-test\Pat1Test_207_0.mat,Pat1Test_207_0.mat,1,207,0.0,0.478023886680603,0.47517499327659607,1.3924245834350586,1.1522096395492554,1.2264095544815063,0.48507374683157783,0
D:\seizure-detection-data-test\Pat1Test_208_0.mat,Pat1Test_208_0.mat,1,208,1.0,0.4679403305053711,0.15820041298866272,0.9941879510879517,0.6740206480026245,0.7284283638000488,0.43699582946853616,0
D:\seizure-detection-data-test\Pat1Test_209_0.mat,Pat1Test_209_0.mat,1,209,1.0,0.00027756980853155255,2.9103830456733704e-11,0.000277569837635383,0.000277569837635383,0.000277569837635383,0.32775982559008077,0
D:\seizure-detection-data-test\Pat1Test_20_0.mat,Pat1Test_20_0.mat,1,20,1.0,0.00027756980853155255,2.9103830456733704e-11,0.000277569837635383,0.000277569837635383,0.000277569837635383,0.32775982559008077,0
D:\seizure-detection-data-test\Pat1Test_210_0.mat,Pat1Test_210_0.mat,1,210,,0.4626160264015198,0.05064639076590538,0.5621755123138428,0.5346106886863708,0.5481746792793274,0.38547691441127857,0
D:\seizure-detection-data-test\Pat1Test_211_0.mat,Pat1Test_211_0.mat,1,211,0.0,0.48079150915145874,0.08858157694339752,0.8212500214576721,0.5766884088516235,0.6319717168807983,0.41612229695086567,0
D:\seizure-detection-data-test\Pat1Test_212_0.mat,Pat1Test_212_0.mat,1,212,,0.4918825626373291,0.11349514126777649,1.0536102056503296,0.5668323040008545,0.5876655578613281,0.44412516322938567,0
D:\seizure-detection-data-test\Pat1Test_213_0.mat,Pat1Test_213_0.mat,1,213,0.0,0.44735443592071533,0.13811095058918,1.0235376358032227,0.6075066924095154,0.7258354425430298,0.4411664421416954,0
D:\seizure-detection-data-test\Pat1Test_214_0.mat,Pat1Test_214_0.mat,1,214,,0.54610675573349,0.17663562297821045,0.8476879000663757,0.7030549049377441,0.7293577194213867,0.4184100734652692,0
D:\seizure-detection-data-test\Pat1Test_215_0.mat,Pat1Test_215_0.mat,1,215,,0.4792540967464447,0.2451358586549759,2.038335084915161,0.6569076776504517,0.7066119909286499,0.565375410133577,1
D:\seizure-detection-data-test\Pat1Test_216_0.mat,Pat1Test_216_0.mat,1,216,,0.4833754301071167,0.06767503917217255,0.7329875826835632,0.5696814060211182,0.6117746233940125,0.4054619104032687,0
D:\seizure-detection-data-test\Pat1Test_21_0.mat,Pat1Test_21_0.mat,1,21,0.0,0.00029183345031924546,0.00010376673162681982,0.001047266647219658,0.00027760135708376765,0.0002776799083221704,0.3278437430795743,0
D:\seizure-detection-data-test\Pat1Test_22_0.mat,Pat1Test_22_0.mat,1,22,1.0,0.31354978680610657,0.792094349861145,4.4595255851745605,1.3531562089920044,1.886607050895691,0.8128328251013966,1
D:\seizure-detection-data-test\Pat1Test_23_0.mat,Pat1Test_23_0.mat,1,23,0.0,0.5305894017219543,1.3614097833633423,6.085443496704102,1.748449683189392,4.209794521331787,0.9082167967464563,1
D:\seizure-detection-data-test\Pat1Test_24_0.mat,Pat1Test_24_0.mat,1,24,,0.43375203013420105,0.346652090549469,1.4084641933441162,0.8975318670272827,1.115960955619812,0.4885134161537132,0
D:\seizure-detection-data-test\Pat1Test_25_0.mat,Pat1Test_25_0.mat,1,25,,0.45233476161956787,0.22681061923503876,0.916313111782074,0.7142038941383362,0.8208459615707397,0.42798447230279396,0
D:\seizure-detection-data-test\Pat1Test_26_0.mat,Pat1Test_26_0.mat,1,26,1.0,0.3537272810935974,0.18678565323352814,1.2591044902801514,0.5411301255226135,0.6086748838424683,0.47115684423769455,0
D:\seizure-detection-data-test\Pat1Test_27_0.mat,Pat1Test_27_0.mat,1,27,,0.3299919664859772,0.27652180194854736,1.099361538887024,0.8225591778755188,0.935486912727356,0.4512003221097381,0
D:\seizure-detection-data-test\Pat1Test_28_0.mat,Pat1Test_28_0.mat,1,28,0.0,0.3866390883922577,0.05330375209450722,0.6169089674949646,0.4349313974380493,0.4760039448738098,0.39307190297516204,0
D:\seizure-detection-data-test\Pat1Test_29_0.mat,Pat1Test_29_0.mat,1,29,,0.4863893687725067,0.15944768488407135,1.0280790328979492,0.7014300227165222,0.8220190405845642,0.44106995732204185,0
D:\seizure-detection-data-test\Pat1Test_2_0.mat,Pat1Test_2_0.mat,1,2,,0.4396324157714844,0.39099255204200745,1.3320364952087402,1.1388256549835205,1.1930876970291138,0.4776844743189194,0
D:\seizure-detection-data-test\Pat1Test_30_0.mat,Pat1Test_30_0.mat,1,30,0.0,0.40647509694099426,0.27714067697525024,0.9222689867019653,0.7940708994865417,0.8430228233337402,0.4288180483842386,0
D:\seizure-detection-data-test\Pat1Test_31_0.mat,Pat1Test_31_0.mat,1,31,,0.3785106837749481,0.09241059422492981,0.5862315893173218,0.5014215111732483,0.5374266505241394,0.3894141148683826,0
D:\seizure-detection-data-test\Pat1Test_32_0.mat,Pat1Test_32_0.mat,1,32,,0.4765954613685608,0.31449732184410095,0.8688786029815674,0.727259635925293,0.7735255360603333,0.42208206432435663,0
D:\seizure-detection-data-test\Pat1Test_33_0.mat,Pat1Test_33_0.mat,1,33,,0.4304957985877991,0.16718071699142456,0.8610294461250305,0.6842113733291626,0.7166351079940796,0.421171788358343,0
D:\seizure-detection-data-test\Pat1Test_34_0.mat,Pat1Test_34_0.mat,1,34,0.0,0.00027756980853155255,2.9103830456733704e-11,0.000277569837635383,0.000277569837635383,0.000277569837635383,0.32775982559008077,0
D:\seizure-detection-data-test\Pat1Test_35_0.mat,Pat1Test_35_0.mat,1,35,,0.34475693106651306,0.3955390751361847,1.5736867189407349,1.0252913236618042,1.1238654851913452,0.5090240136301739,1
D:\seizure-detection-data-test\Pat1Test_36_0.mat,Pat1Test_36_0.mat,1,36,1.0,0.31582754850387573,0.31694528460502625,1.1406935453414917,0.827363908290863,0.9476323127746582,0.4565460137173787,0
D:\seizure-detection-data-test\Pat1Test_37_0.mat,Pat1Test_37_0.mat,1,37,0.0,0.31638213992118835,0.23556777834892273,1.2819812297821045,0.6639751195907593,0.7929977774620056,0.47425517387694577,0
D:\seizure-detection-data-test\Pat1Test_38_0.mat,Pat1Test_38_0.mat,1,38,,0.3790951371192932,0.08156989514827728,0.5497939586639404,0.487143337726593,0.49770790338516235,0.38507068458382837,0
D:\seizure-detection-data-test\Pat1Test_39_0.mat,Pat1Test_39_0.mat,1,39,,0.35018131136894226,1.1748822927474976,7.002973556518555,0.9233521223068237,2.461519479751587,0.9398506376801562,1
D:\seizure-detection-data-test\Pat1Test_3_0.mat,Pat1Test_3_0.mat,1,3,1.0,0.4504640996456146,0.18677599728107452,1.2769763469696045,0.6807286739349365,0.6976722478866577,0.47169817932133656,0
D:\seizure-detection-data-test\Pat1Test_40_0.mat,Pat1Test_40_0.mat,1,40,,0.4621780514717102,0.19836834073066711,0.8852694630622864,0.777306854724884,0.8040895462036133,0.4235287773654704,0
D:\seizure-detection-data-test\Pat1Test_41_0.mat,Pat1Test_41_0.mat,1,41,,0.4834674894809723,0.13916689157485962,0.8309754133224487,0.6926894187927246,0.7193236947059631,0.41690699576088924,0
D:\seizure-detection-data-test\Pat1Test_42_0.mat,Pat1Test_42_0.mat,1,42,1.0,0.44389769434928894,0.8285587430000305,3.526242256164551,1.2928968667984009,2.419009208679199,0.7335418409467499,1
D:\seizure-detection-data-test\Pat1Test_43_0.mat,Pat1Test_43_0.mat,1,43,,0.39658284187316895,0.18401598930358887,0.9502427577972412,0.6101621389389038,0.6746954321861267,0.4327188991612117,0
D:\seizure-detection-data-test\Pat1Test_44_0.mat,Pat1Test_44_0.mat,1,44,,0.385412335395813,0.14416469633579254,1.0452622175216675,0.5351120233535767,0.6045753955841064,0.4445345204131105,0
D:\seizure-detection-data-test\Pat1Test_45_0.mat,Pat1Test_45_0.mat,1,45,,0.00027769492589868605,6.974810844440071e-07,0.000282412365777418,0.000277569837635383,0.000277569837635383,0.3277603533571472,0
D:\seizure-detection-data-test\Pat1Test_46_0.mat,Pat1Test_46_0.mat,1,46,,0.3746734857559204,0.34284645318984985,0.8978789448738098,0.8266571164131165,0.8419699668884277,0.4261676267132549,0
D:\seizure-detection-data-test\Pat1Test_47_0.mat,Pat1Test_47_0.mat,1,47,0.0,0.4150417149066925,0.39841288328170776,1.3413078784942627,1.0983695983886719,1.1423397064208984,0.4792118890412584,0
D:\seizure-detection-data-test\Pat1Test_48_0.mat,Pat1Test_48_0.mat,1,48,,0.3929242491722107,0.3455274999141693,1.1861259937286377,0.9499564170837402,0.9768418073654175,0.46066990192973745,0
D:\seizure-detection-data-test\Pat1Test_49_0.mat,Pat1Test_49_0.mat,1,49,,0.3706464469432831,0.5584362149238586,4.174839019775391,0.5241920351982117,0.6417397856712341,0.7907239237069894,1
D:\seizure-detection-data-test\Pat1Test_4_0.mat,Pat1Test_4_0.mat,1,4,,0.5184497833251953,0.07608640193939209,0.7262355089187622,0.6116490960121155,0.6425994634628296,0.40416419286824995,0
D:\seizure-detection-data-test\Pat1Test_50_0.mat,Pat1Test_50_0.mat,1,50,0.0,0.3628445267677307,0.5218676924705505,2.4269750118255615,0.6691523194313049,1.7741272449493408,0.6173141820484352,1
D:\seizure-detection-data-test\Pat1Test_51_0.mat,Pat1Test_51_0.mat,1,51,,0.5062509775161743,0.14916783571243286,0.9559727311134338,0.7102853655815125,0.757422149181366,0.4317993050146418,0
D:\seizure-detection-data-test\Pat1Test_52_0.mat,Pat1Test_52_0.mat,1,52,,0.32506486773490906,0.2992159426212311,1.1478852033615112,0.9246920347213745,1.0226447582244873,0.45682254368380465,0
D:\seizure-detection-data-test\Pat1Test_53_0.mat,Pat1Test_53_0.mat,1,53,,0.456402450799942,0.19694361090660095,0.8529155254364014,0.7391147613525391,0.8002787232398987,0.4199471296348659,0
D:\seizure-detection-data-test\Pat1Test_54_0.mat,Pat1Test_54_0.mat,1,54,,0.5308846831321716,0.19134673476219177,0.9802617430686951,0.7206276655197144,0.8670778870582581,0.43496370092367953,0
D:\seizure-detection-data-test\Pat1Test_55_0.mat,Pat1Test_55_0.mat,1,55,,0.43554872274398804,0.13850602507591248,1.0640400648117065,0.5345145463943481,0.6220217347145081,0.4463860126290942,0
D:\seizure-detection-data-test\Pat1Test_56_0.mat,Pat1Test_56_0.mat,1,56,0.0,0.37667253613471985,0.26833298802375793,0.9001145958900452,0.7624297738075256,0.8405876755714417,0.42661615371630984,0
D:\seizure-detection-data-test\Pat1Test_57_0.mat,Pat1Test_57_0.mat,1,57,0.0,0.40071260929107666,1.7091246843338013,12.137994766235352,0.3890538215637207,0.8839999437332153,0.994946216704024,1
D:\seizure-detection-data-test\Pat1Test_58_0.mat,Pat1Test_58_0.mat,1,58,,0.5329146385192871,0.16040721535682678,1.0390853881835938,0.7361796498298645,0.7736240029335022,0.44154168494960394,0
D:\seizure-detection-data-test\Pat1Test_59_0.mat,Pat1Test_59_0.mat,1,59,,0.46758633852005005,0.0704365000128746,0.6305235028266907,0.5404103994369507,0.5715047121047974,0.3935582555428567,0
D:\seizure-detection-data-test\Pat1Test_5_0.mat,Pat1Test_5_0.mat,1,5,,0.1714787483215332,0.39464184641838074,1.4896451234817505,0.698141872882843,1.2530174255371094,0.5032245548907828,1
D:\seizure-detection-data-test\Pat1Test_60_0.mat,Pat1Test_60_0.mat,1,60,0.0,0.45646265149116516,0.21167749166488647,1.0790307521820068,0.7518001198768616,0.83845055103302,0.4474423508948282,0
D:\seizure-detection-data-test\Pat1Test_61_0.mat,Pat1Test_61_0.mat,1,61,,0.48051339387893677,0.05518167093396187,0.6653730869293213,0.5486721992492676,0.5717626214027405,0.39743966585259616,0
D:\seizure-detection-data-test\Pat1Test_62_0.mat,Pat1Test_62_0.mat,1,62,,0.4784884750843048,0.3489973247051239,1.6385281085968018,0.885245144367218,1.0555211305618286,0.5163421397483569,1
D:\seizure-detection-data-test\Pat1Test_63_0.mat,Pat1Test_63_0.mat,1,63,,0.39045214653015137,0.20367088913917542,0.676758348941803,0.5746759176254272,0.5820379257202148,0.39999352814328387,0
D:\seizure-detection-data-test\Pat1Test_64_0.mat,Pat1Test_64_0.mat,1,64,0.0,0.37158817052841187,0.39262139797210693,1.5130674839019775,1.1273597478866577,1.2348939180374146,0.500910758393536,1
D:\seizure-detection-data-test\Pat1Test_65_0.mat,Pat1Test_65_0.mat,1,65,0.0,0.4185636043548584,0.13881924748420715,0.6786255836486816,0.592039167881012,0.5995092391967773,0.3996629136367685,0
D:\seizure-detection-data-test\Pat1Test_66_0.mat,Pat1Test_66_0.mat,1,66,,0.4714016020298004,0.1907593011856079,1.295721411705017,0.6240909099578857,0.8970669507980347,0.4749395387134211,0
D:\seizure-detection-data-test\Pat1Test_67_0.mat,Pat1Test_67_0.mat,1,67,,0.44991034269332886,0.19123460352420807,0.7123721837997437,0.6210219264030457,0.6363812685012817,0.4034727821014469,0
D:\seizure-detection-data-test\Pat1Test_68_0.mat,Pat1Test_68_0.mat,1,68,0.0,0.44594606757164,0.1653200387954712,0.7111135721206665,0.6628643870353699,0.6919625401496887,0.403162115914827,0
D:\seizure-detection-data-test\Pat1Test_69_0.mat,Pat1Test_69_0.mat,1,69,,0.4654366672039032,0.08471663296222687,0.6767503619194031,0.5862846374511719,0.6122379899024963,0.39889911239291803,0
D:\seizure-detection-data-test\Pat1Test_6_0.mat,Pat1Test_6_0.mat,1,6,0.0,0.45455774664878845,0.1316515952348709,0.8990527391433716,0.6616092324256897,0.7220666408538818,0.42558127770021364,0
D:\seizure-detection-data-test\Pat1Test_70_0.mat,Pat1Test_70_0.mat,1,70,,0.5302916169166565,0.07646572589874268,0.7233664989471436,0.6146456599235535,0.6463623642921448,0.4037047674339472,0
D:\seizure-detection-data-test\Pat1Test_71_0.mat,Pat1Test_71_0.mat,1,71,0.0,0.3981325626373291,0.11132964491844177,0.6993680000305176,0.4776173532009125,0.4982222616672516,0.40268762614204556,0
D:\seizure-detection-data-test\Pat1Test_72_0.mat,Pat1Test_72_0.mat,1,72,0.0,0.00027756980853155255,2.9103830456733704e-11,0.000277569837635383,0.000277569837635383,0.000277569837635383,0.32775982559008077,0
D:\seizure-detection-data-test\Pat1Test_73_0.mat,Pat1Test_73_0.mat,1,73,0.0,0.3560565412044525,0.2363516241312027,0.8499477505683899,0.7554344534873962,0.7727888226509094,0.4204700658482507,0
D:\seizure-detection-data-test\Pat1Test_74_0.mat,Pat1Test_74_0.mat,1,74,,0.4072481691837311,0.22307607531547546,0.8789553046226501,0.7222662568092346,0.7693071365356445,0.42365598888115374,0
D:\seizure-detection-data-test\Pat1Test_75_0.mat,Pat1Test_75_0.mat,1,75,,0.42896685004234314,0.13509994745254517,1.3313101530075073,0.47429516911506653,0.5108065605163574,0.4792733407222085,0
D:\seizure-detection-data-test\Pat1Test_76_0.mat,Pat1Test_76_0.mat,1,76,,0.4166869819164276,0.16198645532131195,0.9588143825531006,0.6372986435890198,0.7099198698997498,0.4334123181796477,0
D:\seizure-detection-data-test\Pat1Test_77_0.mat,Pat1Test_77_0.mat,1,77,,0.545687198638916,0.10634023696184158,0.8051394820213318,0.6806219220161438,0.746563732624054,0.41328709963495963,0
D:\seizure-detection-data-test\Pat1Test_78_0.mat,Pat1Test_78_0.mat,1,78,,0.20622354745864868,0.3685857951641083,1.6386131048202515,0.6418101191520691,0.9228078722953796,0.5204066683730567,1
D:\seizure-detection-data-test\Pat1Test_79_0.mat,Pat1Test_79_0.mat,1,79,,0.3782765567302704,0.5394496917724609,1.9109400510787964,1.1760976314544678,1.383454442024231,0.5504637486135048,1
D:\seizure-detection-data-test\Pat1Test_7_0.mat,Pat1Test_7_0.mat,1,7,1.0,0.00027756980853155255,2.9103830456733704e-11,0.000277569837635383,0.000277569837635383,0.000277569837635383,0.32775982559008077,0
D:\seizure-detection-data-test\Pat1Test_80_0.mat,Pat1Test_80_0.mat,1,80,,0.301325261592865,0.1041659414768219,0.8043811321258545,0.38203153014183044,0.46290749311447144,0.416674110100309,0
D:\seizure-detection-data-test\Pat1Test_81_0.mat,Pat1Test_81_0.mat,1,81,,0.4275397062301636,0.13844019174575806,0.6733191013336182,0.5984926223754883,0.6412668228149414,0.39904569941301093,0
D:\seizure-detection-data-test\Pat1Test_82_0.mat,Pat1Test_82_0.mat,1,82,,0.4414636194705963,0.12171687930822372,0.6869018077850342,0.5877466797828674,0.628045380115509,0.40049740052250715,0
D:\seizure-detection-data-test\Pat1Test_83_0.mat,Pat1Test_83_0.mat,1,83,,0.2888520061969757,0.26278817653656006,0.8294152021408081,0.7179758548736572,0.7793684601783752,0.4190266608719738,0
D:\seizure-detection-data-test\Pat1Test_84_0.mat,Pat1Test_84_0.mat,1,84,,0.3096250593662262,0.40840208530426025,1.492655634880066,0.8383141756057739,1.2443633079528809,0.5012285598150813,1
D:\seizure-detection-data-test\Pat1Test_85_0.mat,Pat1Test_85_0.mat,1,85,,0.5469022989273071,3.233757495880127,23.279621124267578,0.0003147140087094158,0.0009311652975156903,0.9999795397238179,1
D:\seizure-detection-data-test\Pat1Test_86_0.mat,Pat1Test_86_0.mat,1,86,,0.2776278555393219,0.17031653225421906,0.668534517288208,0.4847952723503113,0.553997278213501,0.400504472550162,0
D:\seizure-detection-data-test\Pat1Test_87_0.mat,Pat1Test_87_0.mat,1,87,,0.00028171789017505944,2.0539790057227947e-05,0.0004216674715280533,0.000277569837635383,0.00028890755493193865,0.32777556152403975,0
D:\seizure-detection-data-test\Pat1Test_88_0.mat,Pat1Test_88_0.mat,1,88,,0.40573346614837646,0.16788314282894135,0.7455142140388489,0.6619577407836914,0.6990503668785095,0.40767297631492094,0
D:\seizure-detection-data-test\Pat1Test_89_0.mat,Pat1Test_89_0.mat,1,89,0.0,0.5072968602180481,0.1604084074497223,0.7375367879867554,0.6786445379257202,0.7115650773048401,0.405663971096351,0
D:\seizure-detection-data-test\Pat1Test_8_0.mat,Pat1Test_8_0.mat,1,8,,0.451489120721817,0.049581900238990784,0.5537285804748535,0.509480357170105,0.5434661507606506,0.38474936353951644,0
D:\seizure-detection-data-test\Pat1Test_90_0.mat,Pat1Test_90_0.mat,1,90,,0.5883330702781677,0.10396581888198853,0.8826800584793091,0.7096055150032043,0.7934133410453796,0.42213537146349095,0
D:\seizure-detection-data-test\Pat1Test_91_0.mat,Pat1Test_91_0.mat,1,91,,0.4743139147758484,0.16609477996826172,0.7135900259017944,0.6434231996536255,0.656887412071228,0.4032112524665232,0
D:\seizure-detection-data-test\Pat1Test_92_0.mat,Pat1Test_92_0.mat,1,92,,0.3520270884037018,0.8152045011520386,3.4487969875335693,0.6976127624511719,2.631295919418335,0.7307617317072659,1
D:\seizure-detection-data-test\Pat1Test_93_0.mat,Pat1Test_93_0.mat,1,93,,0.3488975465297699,0.24866127967834473,0.9860900044441223,0.801939845085144,0.9144004583358765,0.43719399161448946,0
D:\seizure-detection-data-test\Pat1Test_94_0.mat,Pat1Test_94_0.mat,1,94,1.0,0.4993610978126526,0.9069851040840149,3.7761199474334717,2.0172908306121826,2.2294423580169678,0.7522798048539479,1
D:\seizure-detection-data-test\Pat1Test_95_0.mat,Pat1Test_95_0.mat,1,95,,0.34141749143600464,0.381023645401001,1.6519851684570312,0.9114376306533813,1.0217794179916382,0.5191383035705618,1
D:\seizure-detection-data-test\Pat1Test_96_0.mat,Pat1Test_96_0.mat,1,96,,0.47675859928131104,0.08022802323102951,0.6800327301025391,0.5943071842193604,0.6202642321586609,0.39913643750843425,0
D:\seizure-detection-data-test\Pat1Test_97_0.mat,Pat1Test_97_0.mat,1,97,,0.5103932023048401,0.11985912173986435,0.8607352375984192,0.646451473236084,0.7032178640365601,0.42043618425464174,0
D:\seizure-detection-data-test\Pat1Test_98_0.mat,Pat1Test_98_0.mat,1,98,1.0,0.00027756980853155255,2.9103830456733704e-11,0.000277569837635383,0.000277569837635383,0.000277569837635383,0.32775982559008077,0
D:\seizure-detection-data-test\Pat1Test_99_0.mat,Pat1Test_99_0.mat,1,99,,0.3998335301876068,0.5566806197166443,1.7139126062393188,1.3741767406463623,1.475339651107788,0.5250141484121101,1
D:\seizure-detection-data-test\Pat1Test_9_0.mat,Pat1Test_9_0.mat,1,9,0.0,0.3762161433696747,0.43773335218429565,1.7803386449813843,1.1253682374954224,1.362139344215393,0.534419676134418,1
